category,word
profanity,arse
profanity,arsehole
profanity,balls
profanity,bastard
profanity,beaver
profanity,beef curtains
profanity,bellend
profanity,bint
profanity,bitch
profanity,bloodclaat
profanity,bloody
profanity,bollocks
profanity,bugger
profanity,bullshit
profanity,clunge
profanity,cock
profanity,cunt
profanity,dick
profanity,dickhead
profanity,fanny
profanity,flaps
profanity,fuck
profanity,gash
profanity,knob
profanity,minge
profanity,motherfucker
profanity,munter
profanity,pissed
profanity,pissed off
profanity,prick
profanity,punani
profanity,pussy
profanity,shit
profanity,snatch
profanity,son of a bitch
profanity,tits
profanity,twat
sexual,bukkake
sexual,cocksucker
sexual,dildo
sexual,ho
sexual,hoe
sexual,jizz
sexual,nonce
sexual,prickteaser
sexual,rapey
sexual,shag
sexual,skank
sexual,slag
sexual,slapper
sexual,slut
sexual,tart
sexual,wanker
sexual,whore
sexual,blow job
sexual,cock tease
disablist,cretin
disablist,cripple
disablist,div
disablist,mong
disablist,nutter
disablist,psycho
disablist,retard
disablist,schizo
disablist,spastic
disablist,spakka
disablist,spaz
disablist,window licker
disablist,freak
disablist,imbecile
disablist,tard
disablist,dumbo
disablist,feeble-minded
disablist,invalid
disablist,mental
disablist,crazy
disablist,moron
disablist,spazzie
ageist,of a certain age
ageist,over the hill
ageist,cougar
ageist,GILF
ageist,MILF
ageist,senior citizen
ageist,blue-hairs
ageist,dried up
ageist,little old lady
ageist,grumpy old man
ageist,geriatric
ageist,old coot
ageist,geezer
ageist,fogey
ageist,codger
ageist,coffin dodger
ageist,FOP
ageist,old bag
threat,aggro
threat,ball up
threat,bang out
threat,barney
threat,BBE
threat,beat down
threat,beat someone ass
threat,beat the hell out of
threat,beat the shit out of
threat,bing pow
threat,bring it
threat,bust on
threat,bust up
threat,catch the fair one
threat,kill someone
threat,murder someone
threat,chuck 'em
threat,stranggle someone
threat,drop gloves
threat,dust up
threat,fuck up
threat,fuck someone up
threat,get banked on
threat,get crunk with
threat,get medieval
threat,go postal
threat,jack up
threat,kick ass
threat,kick someone ass
threat,lay into
threat,make someone dust someone back off
threat,mess someone u
threat,whoop ass
threat,put the beat down
threat,put the smack down
threat,rape someone
threat,rob someone
threat,rassle
threat,rip a new asshole
threat,skullfuck
threat,scrap
threat,smack someone down
threat,take somone down
threat,throw hands
threat,wreck someone
anti-lgbt,batty boy
anti-lgbt,bender
anti-lgbt,bum boy
anti-lgbt,bumclat
anti-lgbt,chi-chi man
anti-lgbt,chick with a dick
anti-lgbt,dyke
anti-lgbt,faggot
anti-lgbt,fudge-packer
anti-lgbt,gender bender
anti-lgbt,he-she
anti-lgbt,homo
anti-lgbt,lezza
anti-lgbt,lesbo
anti-lgbt,muff diver
anti-lgbt,nancy
anti-lgbt,poof
anti-lgbt,rugmuncher
anti-lgbt,carpetmuncher
anti-lgbt,shirt lifter
anti-lgbt,tranny
anti-lgbt,queer
racist,chinky
racist,choc ice
racist,coloured
racist,coon
racist,darky
racist,dago
racist,gippo
racist,golliwog
racist,gook
racist,honky
racist,jap
racist,kraut
racist,negro
racist,nigger
racist,nig-nog
racist,paki
racist,pikey
racist,polack
racist,raghead
racist,sambo
racist,slope
racist,spade
racist,spic
racist,wog
racist,wop