category,word
profanity,arse
profanity,arsehole
profanity,balls
profanity,bastard
profanity,beaver
profanity,beef curtains
profanity,bellend
profanity,bint
profanity,bitch
profanity,bloodclaat
profanity,bloody
profanity,bollocks
profanity,bugger
profanity,bullshit
profanity,clunge
profanity,cock
profanity,cunt
profanity,dick
profanity,dickhead
profanity,fanny
profanity,flaps
profanity,fuck
profanity,gash
profanity,knob
profanity,minge
profanity,motherfucker
profanity,munter
profanity,pissed
profanity,pissed off
profanity,prick
profanity,punani
profanity,pussy
profanity,shit
profanity,snatch
profanity,son of a bitch
profanity,tits
profanity,twat
sexual,bukkake
sexual,cocksucker
sexual,dildo
sexual,ho
sexual,hoe
sexual,jizz
sexual,nonce
sexual,prickteaser
sexual,rapey
sexual,shag
sexual,skank
sexual,slag
sexual,slapper
sexual,slut
sexual,tart
sexual,wanker
sexual,whore
sexual,blow job
sexual,cock tease
disablist,cretin
disablist,cripple
disablist,div
disablist,mong
disablist,nutter
disablist,psycho
disablist,retard
disablist,schizo
disablist,spastic
disablist,spakka
disablist,spaz
disablist,window licker
disablist,freak
disablist,imbecile
disablist,tard
disablist,dumbo
disablist,feeble-minded
disablist,invalid
disablist,mental
disablist,crazy
disablist,moron
disablist,spazzie
ageist,of a certain age
ageist,over the hill
ageist,cougar
ageist,GILF
ageist,MILF
ageist,senior citizen
ageist,blue-hairs
ageist,dried up
ageist,little old lady
ageist,grumpy old man
ageist,geriatric
ageist,old coot
ageist,geezer
ageist,fogey
ageist,codger
ageist,coffin dodger
ageist,FOP
ageist,old bag
threat,aggro
threat,ball up
threat,bang out
threat,barney
threat,BBE
threat,beat down
threat,beat someone ass
threat,beat the hell out of
threat,beat the shit out of
threat,bing pow
threat,bring it
threat,bust on
threat,bust up
threat,catch the fair one
threat,kill someone
threat,murder someone
threat,chuck 'em
threat,stranggle someone
threat,drop gloves
threat,dust up
threat,fuck up
threat,fuck someone up
threat,get banked on
threat,get crunk with
threat,get medieval
threat,go postal
threat,jack up
threat,kick ass
threat,kick someone ass
threat,lay into
threat,make someone dust someone back off
threat,mess someone u
threat,whoop ass
threat,put the beat down
threat,put the smack down
threat,rape someone
threat,rob someone
threat,rassle
threat,rip a new asshole
threat,skullfuck
threat,scrap
threat,smack someone down
threat,take somone down
threat,throw hands
threat,wreck someone
anti-lgbt,queer
anti-lgbt,bender
anti-lgbt,deviant
anti-lgbt,sissy
anti-lgbt,girlie men
anti-lgbt,pansy
anti-lgbt,janus
anti-lgbt,sodomite
anti-lgbt,nancy
anti-lgbt,poof
anti-lgbt,fairy
anti-lgbt,brownie
anti-lgbt,pillow-biter
anti-lgbt,bugger
anti-lgbt,cola
anti-lgbt,fudgepacker
anti-lgbt,nelly
anti-lgbt,fish
anti-lgbt,rug muncher
anti-lgbt,faggot
anti-lgbt,fag
anti-lgbt,shirtlifter
anti-lgbt,bardash
anti-lgbt,batiman
anti-lgbt,flamer
anti-lgbt,fruit
anti-lgbt,moffie
anti-lgbt,ponce
anti-lgbt,steamer
anti-lgbt,nola
anti-lgbt,flit
anti-lgbt,daffodil
anti-lgbt,jocker
anti-lgbt,quean
anti-lgbt,greek
anti-lgbt,tonk
anti-lgbt,lizzie
anti-lgbt,wonk
anti-lgbt,dorian
anti-lgbt,poove
anti-lgbt,sod
anti-lgbt,fairy
anti-lgbt,ogay
anti-lgbt,batty boy
anti-lgbt,batty man
anti-lgbt,nancy boy
anti-lgbt,woofter
anti-lgbt,twinkie
anti-lgbt,twink
anti-lgbt,swish
anti-lgbt,nellie
anti-lgbt,dyke
anti-lgbt,lesbo
anti-lgbt,AC/DC
anti-lgbt,bihet
anti-lgbt,switch hitter
anti-lgbt,ambisextrous
anti-lgbt,chameleon
anti-lgbt,fifth base
anti-lgbt,flipp-flopper
anti-lgbt,bislut
anti-lgbt,always available
anti-lgbt,lug
anti-lgbt,fauxbians
anti-lgbt,tranny
anti-lgbt,trannie
anti-lgbt,genderbender
anti-lgbt,heshe
anti-lgbt,transtrender
anti-lgbt,cuntboy
anti-lgbt,hefemale
anti-lgbt,lost lesbian
anti-lgbt,shemale
anti-lgbt,dickgirl
anti-lgbt,ladyboy
anti-lgbt,chicks with dicks
anti-lgbt,shim
anti-lgbt,trap
anti-lgbt,poofter
anti-lgbt,fag hag
anti-lgbt,hermaphrodite
anti-lgbt,true hermaphrodite
anti-lgbt,hermie
anti-lgbt,pseudohermaphrodite
anti-lgbt,hybrid
anti-lgbt,halfman
anti-lgbt,halfwoman
anti-lgbt,transvestite
anti-lgbt,quean
anti-lgbt,tranny
anti-lgbt,she-man
racist,Bee-Keeper
racist,Locust Eater
racist,Nanner
racist,NASA
racist,Quadroon
racist,Clicker
racist,Comrade Chinx
racist,Hapshi
racist,Kafir
racist,Albo
racist,Redface
racist,Schiptar
racist,Shiptar
racist,Squarehead
racist,A.I.
racist,Ame-koh
racist,American't
racist,Americunt
racist,AmeriKKKan
racist,Amerikos
racist,Ami
racist,Buddy Blaster
racist,Bushmen
racist,Carpetbagger
racist,Chopper
racist,Colonial
racist,Dubya
racist,Duke Nukem
racist,Flash
racist,Great Satan
racist,Hamburger
racist,Hot Dog Eater
racist,Imperialist
racist,Jake
racist,Jar-head
racist,Jarhead
racist,Joe
racist,Jumbo Jaws
racist,Kano
racist,Merkin
racist,MOB
racist,Oil Junky
racist,Pindos
racist,Puckstop
racist,SCAB
racist,Sceptic
racist,Scheiss-Ami
racist,Seppo
racist,Seppo
racist,Septic
racist,Septic Tank
racist,Septic
racist,SFA
racist,Sodbuster
racist,Swamp Yankee
racist,TAP
racist,Twister Fodder
racist,Uncle Scam
racist,Yank
racist,Yankee
racist,Yankee Doodle
racist,Abba-Dabba
racist,Abdul
racist,Abi-Dabi
racist,Ahab
racist,Aladdin
racist,Alphabet
racist,Aravi
racist,Atta
racist,Bara
racist,Batman
racist,Beur
racist,Bin Laden
racist,BMO
racist,Bomb-Builder
racist,Boxcutter
racist,Cabbie
racist,Cairo Coon
racist,Camel Cowboy
racist,Camel Crunch
racist,Camel Jockey
racist,Camel-Fucker
racist,Camel-Jacker
racist,Carpet Pilot
racist,Cave Nigger
racist,Center Denter
racist,Checkpoint
racist,Clit-Chopper
racist,Clit-Swiper
racist,Clitless
racist,Dees-Right
racist,Demi-nigger
racist,Derka Derka
racist,Diaper-Head
racist,Dirty Knees
racist,Double D
racist,Dune Coon
racist,Dune Nigger
racist,Durka-durka
racist,Dusty Nuts
racist,Ewok
racist,Fadi
racist,Fez
racist,Fig Gobbler
racist,Firecracker
racist,Fremen
racist,Gimmie
racist,Glass Nigger
racist,Goat Roper
racist,Grenade
racist,Habibi
racist,Hucka-lucka
racist,Hurammi
racist,Iraqi Pete
racist,Jacker
racist,Jawa
racist,Jig-Abdul
racist,Jihad
racist,Jihadi
racist,Land Torpedo
racist,Landya
racist,Lefty
racist,Mocha
racist,Moor
racist,Muhammad
racist,Muzzie
racist,Naffer
racist,Ocnod
racist,Oil Baron
racist,OPEC
racist,Osama
racist,P.L.O.
racist,Pajama Mamma
racist,Papa Ganoush
racist,Peanut Butter Brother
racist,Pube Face
racist,Q-Tip Head
racist,Rab
racist,Racoon
racist,Rag-head
racist,Raq-Coon
racist,Roach-Rancher
racist,Rock-Chucker
racist,Roman Candle
racist,Rug Merchant
racist,Rug Pilot
racist,Rug-Rider
racist,Sand Flea
racist,Sand Kisser
racist,Sand Monkey
racist,Sand Moolie
racist,Sand Nigger
racist,Sand Rat
racist,Sand Scratcher
racist,Sandies
racist,Sandy
racist,Sandy Crockett
racist,Shit Hand
racist,Sleeper Cell
racist,Slurpee
racist,Slurpee Nigger
racist,Slushee-Slinger
racist,Snake Charmer
racist,Snigger
racist,Stan
racist,Sun Goblin
racist,Sunarefa
racist,Terr-ab
racist,Terrorist
racist,Towel-head
racist,Towlie
racist,Turco
racist,Tuskan Raider
racist,Tusken Raider
racist,Urban Turban
racist,Zeb
racist,Zeppo
racist,Sherman
racist,Ararat
racist,Arm Pits
racist,Armo
racist,Glendale
racist,Ian
racist,Kabob
racist,Rabiz
racist,Stinkian
racist,Walking Carpet
racist,Oriental
racist,Slot Machine
racist,California Roll
racist,Azn
racist,Banana
racist,Bananame
racist,Bandwidth Nigger
racist,Bed Time
racist,Bruce Lee
racist,Bruised Banana
racist,Buddhahead
racist,Bug-Eater
racist,Bukkakese
racist,Burnt Rice
racist,Can'ardly
racist,Chap
racist,Chinaman
racist,Ching-Chong
racist,Chinina
racist,Chinkerbell
racist,Coin Slot
racist,Cook
racist,Coolie
racist,Data
racist,Dog-Eater
racist,Dog-Muncher
racist,DWO
racist,Egghead
racist,Eggroll
racist,Fingernail Rancher
racist,Fishhead
racist,Floss
racist,Gink
racist,Goldfish Monger
racist,Goloid
racist,Gookemon
racist,Grasshopper
racist,Grinder
racist,HAB
racist,Honky
racist,Ironing Board
racist,Japanigger
racist,Jaundy Boy
racist,Jin
racist,Junta
racist,Knees
racist,Lego
racist,Lemonhead
racist,Little Hiroshima
racist,Meat Pie
racist,Miyagi
racist,Mushu
racist,Ng
racist,Nikon
racist,Nine Iron
racist,Ninja
racist,Nuprin
racist,Oreo
racist,Ornamental
racist,P-1
racist,Pancake
racist,Panhead
racist,Patty
racist,Peeled Banana
racist,Pineapple Lump
racist,Ping-pang
racist,Pizdaglaz
racist,Plate Tossers
racist,Pointy-Head
racist,Post It
racist,Potato Queen
racist,Powerpoint
racist,Protractor
racist,Pumpkinhead
racist,Quarter Jockey
racist,Raisin
racist,Random
racist,Rangoon
racist,Rasian
racist,Rice Ball
racist,Rice Burner
racist,Rice Nigger
racist,Rice-Cooker
racist,Rice-Eater
racist,Rice-Paddy
racist,Rice-Picker
racist,SBH
racist,Schlitzauge
racist,Seaweed-Sucker
racist,Simpson
racist,Slant
racist,Slantey-eye'd
racist,Sleepwalker
racist,Slit
racist,Slope
racist,Slope Head
racist,Smack
racist,Socket Face
racist,Soy Sauce
racist,Soyback
racist,Squint
racist,Sunny Side Up
racist,Tab
racist,Table Face
racist,Tai-chink
racist,Tape Head
racist,Taxi
racist,Test-Taker
racist,Thin-Eyed
racist,Tinty
racist,Tiny
racist,Triad
racist,Twinkie
racist,Two Stroke
racist,UFO
racist,Uzbek
racist,VC
racist,Wang Chung
racist,Waverunner
racist,Widescreen
racist,Winky
racist,Wog
racist,Woggle
racist,Yangmo
racist,Yao
racist,Yellow
racist,Yellow Devil
racist,Yellow Monkey
racist,Yelvis
racist,Yigger
racist,Yolk
racist,Zip
racist,Zipperhead
racist,Squint Nigger
racist,Booner
racist,Bandwidth Whore
racist,Honkie
racist,Rice Rocket
racist,Abco
racist,Abo
racist,Bludger
racist,Boomer
racist,Boong
racist,Boori
racist,Bump
racist,Chromer
racist,Cuz
racist,Eucalyptus Nigger
racist,Fabo
racist,Fountain Swimmer
racist,Gin
racist,Goggles
racist,Goon Ninja
racist,Jafa
racist,Jin
racist,Koona
racist,Koorie
racist,Lamington
racist,Nunga
racist,Petrol Sniffers
racist,Queue Warmer
racist,Rock Ape
racist,Vegemite
racist,ABC
racist,Banana Bender
racist,Bogan
racist,Caneater
racist,Convict
racist,Crikey
racist,Dingo Fucker
racist,Drongo
racist,Foster
racist,Gubba
racist,Hoon
racist,Jafa
racist,Kangaroo
racist,Kangy
racist,Koala
racist,Larrikin
racist,Oz
racist,Roo
racist,Roofucker
racist,Sand Groper
racist,Shackle Dragger
racist,Skip
racist,Skippy Poofter
racist,Labanc
racist,Schluchtenscheisser
racist,Tupperware Head
racist,Belgie
racist,Phlegm
racist,Sprout
racist,Waffle
racist,Bingo
racist,Fish
racist,Night Fighter
racist,Akata
racist,Blushing
racist,925
racist,AA
racist,Abeed
racist,Ace Of Spades
racist,African
racist,African't
racist,Africoon
racist,Afro
racist,Americoon
racist,Angus
racist,Antique Farm Equipment
racist,Ape
racist,Apple
racist,Arf
racist,Ashy
racist,Aunt Jemima
racist,Baboomba
racist,Baboon
racist,Baluba
racist,Baluga
racist,Banjo Lips
racist,Bantu
racist,BAP
racist,BBK
racist,BDN
racist,Bear
racist,Bebe's Kids
racist,Beggar
racist,Bergie
racist,BET
racist,BFI
racist,Billy Reuben
racist,Bingo-Bongo
racist,Biscuit Lip
racist,Bix Nood
racist,Black Barbie
racist,Black Magic
racist,Black Time
racist,Blackie
racist,Blacky Chan
racist,Bleck
racist,Blockbuster
racist,Blood
racist,Blow
racist,BLT
racist,Blue Gums
racist,BMW
racist,Bo-Bo
racist,Bobblehead
racist,Boffer
racist,Bomb
racist,Bonky
racist,Boogat
racist,Boogie
racist,Boon
racist,Bootlip
racist,Bounty Bar
racist,Bourbon
racist,Boy
racist,Bozak
racist,Branch Manager
racist,Brillo Pad
racist,Bro
racist,Brother
racist,Brown Trumpet
racist,Brownie
racist,Bubb Rubb
racist,Bubba
racist,Bubbles
racist,Buck
racist,Buckwheat
racist,Buffalo Soldier
racist,Bumper Lips
racist,Bun
racist,Buppie
racist,Burnt Cracker
racist,Burnt Match
racist,Burnt Toast
racist,Burr Head
racist,Bush-Boogie
racist,Butter
racist,C-15
racist,Caffre
racist,Calpurnia
racist,Camel Lips
racist,Canadian
racist,Candy Man
racist,Canigger
racist,Cargo
racist,Carl Winslow
racist,Carlton (Banks)
racist,Casabooboo
racist,Cast Iron
racist,Chad
racist,Chain Dragger
racist,Chalky
racist,Chango
racist,Charcoal Briquette
racist,Chernozhopyi
racist,Cheshire Cat
racist,Chicago Navajo
racist,Chicken Bandit
racist,Chiquita
racist,Choco
racist,Chocolate Drop
racist,Chocolate-Covered Marshmallow
racist,Chombo
racist,CHUD
racist,Clicky
racist,Cliff Ape
racist,Clocker
racist,Clyde
racist,Coal-Miner
racist,Cocoa
racist,Cocoa Puff
racist,Cocolo
racist,Coconut
racist,Cocoon
racist,Cold Drink
racist,Colin
racist,Colonel's Kids
racist,Colored
racist,Coltrane
racist,Congo
racist,Congo Lip
racist,Conky
racist,Conquistador
racist,Convict
racist,Cookie
racist,Coon
racist,Coonadian
racist,Cooner
racist,Coontang
racist,Cordon
racist,Cornbread
racist,Cornelius
racist,Cosby
racist,Cotton Ball
racist,Cotton-Picker
racist,Craw
racist,Crayola
racist,Cream Of Wheat
racist,Cricket
racist,Crime
racist,Crimestopper
racist,Criminal Factory
racist,Crioulo
racist,Crispy
racist,Crow
racist,Cubs
racist,Cuff
racist,Curb-Biter
racist,Czarnuch
racist,D.F.N.
racist,DAN
racist,Darkie
racist,Darkness
racist,Dawg
racist,Defendant
racist,Democrats
racist,Destro
racist,Deuce
racist,Ding Dong
racist,Dinge
racist,Do-Da
racist,Donkey Kong
racist,Dootie
racist,Dorito
racist,Double A
racist,Double Dip
racist,Doujin
racist,DWB
racist,Egglet
racist,Eggot
racist,Eggplant
racist,Egot
racist,Egoy
racist,Eight Ball
racist,Elevator Operator
racist,Eraser Head
racist,Es-obe
racist,Extra Crispy
racist,Fahim
racist,Fakey Jamaikey
racist,Fat Albert
racist,Feargal
racist,Feb
racist,Field Nigger
racist,FILA
racist,Floppy
racist,Foedy
racist,Franklin
racist,Frasier
racist,FroBro
racist,Frostbite
racist,FUBU
racist,Future Inmate
racist,G/Gee
racist,Gar
racist,Gatorbait
racist,GED
racist,Geechee
racist,Ghetto
racist,Ghetto Hamster
racist,Ghetto Monkey
racist,Ghost Rider
racist,Gimpy
racist,Glocky
racist,Golliwog
racist,Gor
racist,Gorilla
racist,Grapico
racist,Greaser
racist,Gro
racist,Groid
racist,Gronesha
racist,GTA
racist,Guttermonkey
racist,Hagwei
racist,Hakui
racist,Half-Human
racist,Hambone
racist,Harlem
racist,Haunt
racist,Hendrix
racist,High Yellow
racist,HNIC
racist,Ho Baas
racist,Ho De Doz
racist,Holy Shit
racist,Homey
racist,Hoopty
racist,Hootie
racist,Horse-Gums
racist,Hotel
racist,Hotnot
racist,House Nigger
racist,Huey
racist,Hutch
racist,Huxtable
racist,I P's
racist,Inky
racist,J.J.
racist,Jackamammy
racist,Jackpot
racist,Jambo
racist,Jar Jar
racist,Jellybean
racist,Jerry Curl
racist,Jersey-Dweller
racist,Jet
racist,Jiffy Pop
racist,Jig
racist,Jig And A Pig
racist,Jigaboo
racist,Jigga
racist,Jim
racist,Jim Crow
racist,Jr. Mint
racist,Juba
racist,July Ham
racist,June Bug
racist,Jungle Bunny
racist,Justin Igger
racist,Kaffer
racist,Kaffir
racist,Kala
racist,KFC
racist,Kingfish
racist,Kirby
racist,Kizzy
racist,Knees Grow
racist,Knuckle-Dragger
racist,Kobe
racist,Koku-jin
racist,Koolaid
racist,Kooshi
racist,Kunta (Kinte)
racist,Kurochan
racist,Kurombo
racist,Kushi
racist,Lando
racist,Latifah
racist,Lawn Jockey
racist,Leprecoon
racist,Leroy
racist,LeRoy Rogers
racist,Levar
racist,Lincoln's Mistake
racist,Little (Black) Sambo
racist,Liver Lips
racist,Liverlips
racist,Lucius
racist,Lugz
racist,Ma Se Poes
racist,Magila Gorilla
racist,Mammy
racist,Mandingo
racist,Mandinka
racist,Mangro-Monkey
racist,Maroon
racist,MARTA
racist,Mavro
racist,Mayate
racist,McNigga
racist,Mechanical
racist,Melanzana
racist,Mellanoid
racist,Melon Johnny
racist,Meshky
racist,Mi Dang
racist,Midnight
racist,Milk Dud
racist,Milkman
racist,Mishwa
racist,Miss Cleo
racist,Missippi Tree Emblem
racist,Mississippi Blue Lip
racist,Miyate
racist,MLK
racist,Mo And Yo
racist,Moanback
racist,Monday
racist,Monkey
racist,Monkeyboy
racist,Mono
racist,Montu
racist,Mooliachi
racist,Moolie
racist,Moolignon
racist,Moon Cricket
racist,Mottisa
racist,Mow-Mow
racist,Mr. Big
racist,Mr. Bojangles
racist,Muckadoo
racist,Mud Duck
racist,Mud Flaps
racist,Mud People
racist,Mud Turtle
racist,Mufasa
racist,Muffin-head
racist,Mulunyan
racist,Munt
racist,N'er
racist,Naca
racist,NAGA
racist,Nagur
racist,NAHA
racist,Nanner
racist,NAPA
racist,Nappy Head
racist,Nappy-headed Ho
racist,Neekeri
racist,Negative
racist,Negress
racist,Negro
racist,Negroid
racist,Nelly
racist,NFT
racist,Ni-ni
racist,Niche
racist,Nig-nog
racist,Niggabyte
racist,Niggapotomous
racist,Nigger
racist,Nigger mortis
racist,Niggerachi
racist,Niggerette
racist,Niggerino
racist,Niggeroid
racist,Nigglet
racist,Nightcrawler
racist,Niglige
racist,Nigloo
racist,Nignorant
racist,Nigonometry
racist,Nigra
racist,Nigress
racist,Niknok
racist,Nineteens (19's)
racist,Ninja
racist,Nitch
racist,Nog
racist,NOLA
racist,Nonswimmer
racist,Nooc
racist,November
racist,Nubian Princess
racist,Number 2
racist,Nurple
racist,O.J.
racist,O.T.W.
racist,Oar Tuggers
racist,OBG
racist,Oil Slick
racist,Old Brown Tucker
racist,Omarosa
racist,Orb
racist,Oreo
racist,Orlando
racist,Othello
racist,P.O.A.
racist,Palta
racist,Papolo
racist,Patio Primate
racist,Pez Dispenser
racist,Pickaninny
racist,Pine Sol
racist,Pine Tree Ornament
racist,Pineapple
racist,Pink-Heel
racist,Pit
racist,Platneus
racist,Plow Jockey
racist,POC
racist,Point-Six (.6)
racist,Pontiac
racist,Poo
racist,Pookie
racist,Popolo
racist,Porch Monkey
racist,Prapper
racist,Pretzel
racist,Prieto
racist,Primate
racist,Property
racist,Pube Head
racist,Pubie
racist,Puddle Duck
racist,Pusher-Man
racist,Quashee
racist,Ragoona
racist,Raisinhead
racist,Re-nigg
racist,Redbone
racist,Reggie
racist,Reggin
racist,Reggina
racist,Remote Control
racist,Roach
racist,Rock
racist,Rockfish
racist,Roid
racist,Rope-Head
racist,Rope-Straightener
racist,Royal Hawaiian
racist,Rufus
racist,"Runs, The"
racist,Safe
racist,Sailor
racist,Sambo
racist,San
racist,Sanford
racist,Satchmo
racist,Scat
racist,Schwartza
racist,Schwarzenigger
racist,Schwarzie
racist,Schwoogie
racist,Semi-Simian
racist,Shade
racist,Shadow
racist,Shadow-Smurf
racist,Shaft
racist,Shaka Zulu
racist,Shine
racist,Shipping Cargo
racist,Shit-Slinger
racist,Shitheel
racist,Shitskin
racist,Shoe Shiner
racist,Shuffalong
racist,Shvartz
racist,Shvatsa
racist,Shvooga
racist,Silverback
racist,Silvery
racist,Simian
racist,Sir Mix A Lot
racist,Six
racist,Sixer
racist,Skillet
racist,Skinflint
racist,Slave
racist,Slave Ships
racist,Sleestack
racist,Slide
racist,Smigger
racist,Smoke
racist,Smoked Irish
racist,Smokefoot
racist,Smokestack
racist,Smokey
racist,Sneakers
racist,Snigger
racist,Snipes
racist,Snob
racist,Snowflake
racist,Son
racist,Sooty
racist,Soul Food
racist,Southern Windchime
racist,Spabook
racist,Spade
racist,Spear-Chucker
racist,Splib
racist,Spliv
racist,Spoda
racist,Sponge Head
racist,Spook
racist,Spoon
racist,Spoonbill
racist,Spota
racist,Stacks
racist,Stepn Fetchit
racist,Stovelid
racist,Stovepipe
racist,Strange Fruit
racist,Strap Hangers
racist,Street Cheetah
racist,Sub-Human
racist,Suntan
racist,Suspect
racist,Swamp Donkey
racist,Swamp-Runner
racist,Swamper
racist,Sway
racist,Sweaty
racist,Sweetback
racist,Swinger
racist,Tagger
racist,Tar Baby
racist,Ted Stevens
racist,Terrence
racist,The Element
racist,The Missing Link
racist,Thick Lips
racist,Thief
racist,Thing-a-manigger
racist,Thirty-Six-Thirty (36-30)
racist,Three-Fifth (3/5)
racist,Thumper
racist,Tibbs
racist,Tifuti
racist,Tigger
racist,Tizzun
racist,Toad
racist,Toby
racist,Toilet Swimmer
racist,Token
racist,Tokenbump
racist,Tom Robinson
racist,Tootsie Rolls
racist,Tounge-Clicker
racist,Tree Hockey
racist,Tree Ornament
racist,Tree-Jumper
racist,Tree-Swinger
racist,Trigger
racist,Tripod
racist,Tutsoon
racist,Tycoon
racist,Tyrone
racist,Tyvek
racist,Ubangi
racist,Uncle Ben
racist,Uncle Tom
racist,Unemployus Africanus
racist,Urkel
racist,Vacuum Cleaner
racist,Vanilla Coke
racist,Vanilla Gorilla
racist,Velcro-head
racist,Vinny Del
racist,Voodoo
racist,Water Buffalo
racist,Watermelon
racist,Wayans
racist,Webe
racist,Welfare Monkey
racist,Welfare Mother
racist,Whale Turd
racist,Whipping Post
racist,White Wall
racist,Whose My Daddy?
racist,Wikki Wikki
racist,Windchimes
racist,Wog
racist,Wookie
racist,Wool Head
racist,TNB
racist,Willy B.
racist,Yam
racist,Yard Ape
racist,YBM
racist,Yen
racist,Yo Yo
racist,Yom
racist,Yombo
racist,Yont'an Saram
racist,You People
racist,Ze Goggles
racist,Zigaboo
racist,Zip Coon
racist,Zoo Ape
racist,Zoot
racist,Zulu
racist,Boofer
racist,Buck Nigger
racist,Hayquay
racist,Homie
racist,Mav
racist,Nekru
racist,Shine
racist,Tutsoon
racist,Bosants
racist,Boskur
racist,Shovel
racist,Yak
racist,Brazuca
racist,Bugre
racist,Macaco
racist,Macaquito
racist,Bloke
racist,Brit
racist,Chinless Wonder
racist,Cocks
racist,Crumpet-Stuffer
racist,Crumpet-Sucker
racist,Feb
racist,Fog Horn
racist,Fog-Breather
racist,Jeeves
racist,Limey
racist,Lobsterback
racist,Pohm
racist,Pome
racist,Red Coat
racist,Rooineck
racist,Rooinek
racist,Rosbif
racist,Tans
racist,Tea-wop
racist,Teabag
racist,Tommy
racist,Wanker
racist,Bulgie
racist,Burglar
racist,Buster
racist,Upsurt
racist,Boogalee
racist,Boudreaux
racist,Swamp Kike
racist,Prigger
racist,51st Stater
racist,Angie
racist,Bay Frog
racist,Cankee
racist,Canuck
racist,Canucklehead
racist,Canyada
racist,Cheeser
racist,Dryback
racist,Frostback
racist,Gord
racist,Hoser
racist,Ice Nigger
racist,Iceback
racist,Mape
racist,Maple Leaf Nigger
racist,Maple-Sucker
racist,Moosefucker
racist,Nade
racist,Newfie
racist,North Mexican
racist,Pineback
racist,Puck
racist,Puck-Chaser
racist,Puckhead
racist,Rubberhead
racist,Seal-Fucker
racist,Shoobie
racist,Snow Bird
racist,Snow Monkey
racist,Snowback
racist,Cankie
racist,Cheesehead
racist,ABC
racist,Ancient Chinese Secret
racist,Baby-Muncher
racist,Bamboo Coon
racist,BBC
racist,CBC
racist,Celestial
racist,Chale
racist,Chang-Ke
racist,Chankoro
racist,Chapta
racist,Chiegro
racist,Chigger
racist,Chinee
racist,Chink-a-billy
racist,Chinksta
racist,Chino
racist,Chonky
racist,Choo-Choo
racist,Chop Stick
racist,Chork
racist,Chunk
racist,Cookie
racist,Crabrangook
racist,Dancing Dragon
racist,Dim Sum
racist,El Chino
racist,Forty-Fiver
racist,General Tso
racist,Gong Fei
racist,Honger
racist,Hop-Sing
racist,Jek
racist,Jjanggae
racist,Johk Sing
racist,Kitchen Sink
racist,Kung-fu
racist,Lizard
racist,Mao
racist,Moe
racist,Mook
racist,MSG Farmers
racist,Mulan
racist,Mungen
racist,Nink
racist,Noodle Nigger
racist,Nooger
racist,Panda Trainer
racist,Panface
racist,Pen and Ink
racist,Ping Pong
racist,Rail-Hopper
racist,Railer
racist,Red
racist,Red Monkey
racist,Roof Rabbit Killer
racist,SARS
racist,Coffee Bean
racist,Frogman
racist,Gunmaker
racist,Chole
racist,Paperbag
racist,Balsero
racist,Boat Rower
racist,Cube
racist,Desi
racist,Island Beaner
racist,Langosta
racist,Oye
racist,Rafter
racist,Saltwater Nigger
racist,Salty
racist,Chesky
racist,Checker Back
racist,Cheskey
racist,Pepik
racist,Corky
racist,Dome
racist,Dumb-inican
racist,Plantain
racist,Platano Power
racist,Cheese-Eater
racist,Cheesehead
racist,Cloggie
racist,Dicksuckinflog
racist,Dyke
racist,Dyke-Jumper
racist,Hollowhead
racist,Kaaskop
racist,Kees
racist,Lowlander
racist,Marsh Nigger
racist,Orangie
racist,Peter Pan
racist,Shoe
racist,Windmill Winder
racist,Woodies
racist,Gyp
racist,Molecko Jecko
racist,Pyramid-Fucker
racist,Sayeedi
racist,Fog Nigger
racist,Guffie
racist,Island Monkey
racist,Janner
racist,Johnny Bull
racist,Pudden
racist,Ringo
racist,Sassenach
racist,Soutpiel
racist,Chukcha
racist,Cube
racist,Harpoon-Chucker
racist,Huskie
racist,Klondyke
racist,Mo
racist,Muck
racist,Muk
racist,Muktuk
racist,Pie Face
racist,Skimo
racist,Snow Chink
racist,Snow Nigger
racist,Snowblower
racist,Buk-Buk
racist,Fili Cheese Steak
racist,Filthy Pino
racist,Fligga
racist,Fligger
racist,Flip
racist,Huk
racist,LBFM
racist,Little Brown Buddy
racist,Mail-order Bride
racist,Pineapple
racist,Rag
racist,Seagull
racist,Tailless Monkeys
racist,TNT
racist,Langostina
racist,Tinkerbell
racist,Gyppo
racist,Saeedi
racist,Finne
racist,Ice Monkey
racist,Pekka
racist,Poro
racist,Russian Swede
racist,Albino Peltonen
racist,Bic-Needer
racist,Blackfoot
racist,Butterfingers
racist,Crapaud
racist,Crouton
racist,Frog
racist,Fur Licker
racist,Kermit
racist,Rifle-Dropper
racist,Six-Weeker
racist,Snail-Snapper
racist,Soap Dodger
racist,Surrender Monkeys
racist,Tad Pole
racist,Toad
racist,Turtleneck
racist,Whiteflagger
racist,Clouf-Booter
racist,Beaver-Beater
racist,Frozen Frog
racist,Peasouper
racist,Pepper
racist,Pepsi
racist,Poutine
racist,Queeb
racist,Snowfrogs
racist,Autobahn
racist,Adolf
racist,Bazi
racist,Blockhead
racist,Boche
racist,Bosch
racist,Boxhead
racist,Fischkopf
racist,Fritz
racist,Germ
racist,Grout
racist,Hans Bitterman
racist,Heinee
racist,Herm
racist,Hitler
racist,Hun
racist,Jam Bun
racist,Jerry
racist,Jew Burner
racist,Jew Killer
racist,Kaiser
racist,Kartoffel
racist,Kossy
racist,Kraftwerk
racist,Kraut
racist,Mof
racist,Nazi
racist,Piffke
racist,Saupreiss
racist,Schleu
racist,Schmeisser
racist,Shit-Eater
racist,Volkswagen
racist,Bubble
racist,Flease
racist,Goatbanger
racist,Gobbler
racist,Grease Ball
racist,Guppie
racist,Highboots
racist,Homocrat
racist,Lamb Chop
racist,Mythmaker
racist,Olive Nigger
racist,Olive-Picker
racist,Pendos
racist,Tuft
racist,Uni-brow
racist,Wog
racist,Yanni
racist,Zorba
racist,Chapin
racist,Felipe Parkhurst
racist,Guati
racist,Watermelon
racist,Bargain Korean
racist,Buddhahead
racist,Kanak
racist,Kanaka
racist,Lava Lamp
racist,Lava Nigger
racist,Mango
racist,Moke
racist,Pineapple Nigger
racist,Poi-belly
racist,Grease Bag
racist,Amigo
racist,Ban
racist,Bean Bandit
racist,Bean Burrito
racist,Beanbag
racist,Beaner
racist,Beaner Ball
racist,Beaniard
racist,Berry Picker
racist,Border Bunny
racist,Border Nigger
racist,Border-Hopper
racist,Burrito
racist,Cabezita Negra
racist,Can
racist,Car Thief
racist,Cham
racist,Cheap Labor
racist,Cheddar
racist,Cherry Picker
racist,Chico
racist,Chilango
racist,Chili
racist,Chili-Shitter
racist,Cholo
racist,Chunga
racist,Coat
racist,Coke Camel
racist,Dozer
racist,Drywaller
racist,Dumb Wet
racist,Ese
racist,Fake Mexican
racist,Fidel
racist,Fruit-Picker
racist,Garden Gnome
racist,Gardner
racist,Goya
racist,Gravelbellies
racist,Hispandex
racist,Hot Footer
racist,Housekeeping
racist,Juan Valdez
racist,Lao-Mo
racist,Latrino
racist,Leafblower
racist,Loby
racist,Lowrider
racist,Mestizo
racist,Mojado
racist,Mojo
racist,Montana
racist,Mule
racist,Nacho
racist,Naco
racist,Nethead
racist,New York Met
racist,Orange Picker
racist,Paragraph
racist,Pepperbelly
racist,Petrolero
racist,Po-Bean
racist,Pocho
racist,Pollo
racist,Ref
racist,Rico Suave
racist,River-Crosser
racist,Sanchez
racist,Scratch-Back
racist,Sexican
racist,Spanglish
racist,Spec
racist,Speed Demon
racist,Spic
racist,Spic and Span
racist,SpicNic
racist,Spivic
racist,Taco
racist,Taco Bender
racist,Taco Nigger
racist,Tamale
racist,Tomato Picker
racist,W.O.G.
racist,Wab
racist,Chola
racist,Bohunk
racist,Bozgor
racist,Gádzsó
racist,Goulash
racist,Hunkie
racist,Sanyika
racist,Bjork
racist,Dema
racist,Scrob
racist,Mojack
racist,ABCD
racist,Apna
racist,Apu
racist,Babar
racist,Babu
racist,Bhindu
racist,Bhrempti
racist,Binder
racist,Bindi
racist,Bipty
racist,Boojie
racist,Buttonhead
racist,Chara
racist,Cow-Kisser
racist,Curry
racist,Curry-Muncher
racist,D.I.P.
racist,Desi
racist,Dot Knot
racist,Dot
racist,Dottie
racist,Elephant Jockey
racist,Etch
racist,Gandhi
racist,Ganesh
racist,Gas Pumper
racist,Ghinder
racist,Gupta
racist,Habib
racist,Hadji
racist,Halee Halaa
racist,Hamilton
racist,Higger
racist,Indonigger
racist,Jab
racist,Julab
racist,Kaek
racist,Kaliali
racist,Kalu
racist,Kumar
racist,Kuthi
racist,Macaca
racist,Madrasis
racist,Mahout
racist,Mangosteen
racist,My Friend!
racist,Napkin Nigger
racist,Paki
racist,Patel
racist,Pindunderjip
racist,Pull-Start
racist,Punjab
racist,Push-Button
racist,Reset
racist,Sambo
racist,Sanjay
racist,Slurpee Jockey
racist,Spice Rubber
racist,Swami
racist,Target
racist,Taxi Driver
racist,Thank You Come Again
racist,Turbinator
racist,Wog
racist,Dot-Head
racist,Crunchy
racist,Target
racist,Whacky Iraqi
racist,Jingley
racist,Bog-Jumper
racist,Bog-trotter
racist,Carrot Top
racist,Cat-lick
racist,Clover
racist,Coal-Cracker
racist,Donkey
racist,Drunk
racist,F.B.I.
racist,Fenian
racist,Fire Bush
racist,Fire Crotch
racist,Frotch
racist,Fumblin' Dublin
racist,Green
racist,Green Nigger
racist,Harp
racist,Hibe
racist,Leprechaun
racist,Mackerel Snapper
racist,Mead
racist,Mick
racist,Mucker
racist,Narrow Back
racist,Nina
racist,Paddy
racist,Paddy Wagon
racist,Plastic Paddy
racist,Pogue
racist,Pot-Licker
racist,Potato Breath
racist,Potato Head
racist,Potato Nigger
racist,Potato-Eater
racist,Proddy
racist,Provo
racist,Shamrock Nigger
racist,Shant
racist,Shillelagh-Hugger
racist,Sid
racist,Spud
racist,Spudnigger
racist,Taig
racist,Tater Tot
racist,Thick Mick
racist,Tory
racist,Turf-Cutter
racist,White Nigger
racist,Black Dagos
racist,Bologna
racist,Brown Pants
racist,Burnt Pizza
racist,Calzone
racist,Dago
racist,Dagowop
racist,Fonzie
racist,Garlic Bread
racist,Garlic Breath
racist,Geep
racist,Gina
racist,Ginny
racist,Gino
racist,Ginzo
racist,Goombah
racist,Grape-Smasher
racist,Grape-Stomper
racist,Grease Ball
racist,Guido
racist,Guinea Pig
racist,Ginney
racist,Hightalians
racist,Hothead
racist,I-Tie
racist,IROC
racist,Jabonee
racist,Katzenfresser
racist,Laposta
racist,Luigi
racist,Macaroni
racist,Makaronifresser
racist,Mario
racist,Meatball
racist,Mingia
racist,Pizza Nigger
racist,Polentone
racist,Provolone
racist,Ragu
racist,Rizzo
racist,Salami
racist,Spaghetti Vender
racist,Spaghetti-Slurper
racist,Spaghetti-Twister
racist,Spaghetto
racist,Spider
racist,Stallion
racist,Terrone
racist,Tony
racist,Tony Soprano
racist,Wallione
racist,Whopper
racist,Wonder Bread Wop
racist,WOP
racist,Dreads
racist,Jamairican
racist,Jump-up
racist,Wailer
racist,Bomb Watcher
racist,Bukakke Warrior
racist,Butterhead
racist,Cracker Jap
racist,Daikon
racist,Fuji
racist,Godzilla Snack
racist,Harbor-Bomber
racist,Hear-em-screama
racist,Hentai
racist,Jank
racist,Jap
racist,Japansy
racist,Jig
racist,Kamikaze
racist,Kotonk
racist,Nagasaki
racist,Nip
racist,Nipper
racist,Niponese
racist,Nipper
racist,Nippopotomus
racist,Pikachu
racist,Pocky
racist,Pokemon
racist,Tojo
racist,Viceroy
racist,Yellow Cab
racist,Yoko
racist,Yup-Boon-Jie
racist,Ainu
racist,Jish
racist,Yick
racist,10% Off
racist,539
racist,AMF
racist,Bagel-Dog
racist,Bar Code
racist,Beanie
racist,Beastie Boy
racist,Bible-Shortener
racist,Big Nose
racist,Bones
racist,Brew
racist,Bronx Indian
racist,Bun
racist,Burger
racist,Campers
racist,Canadian Goose
racist,Cashew
racist,Christ Killer
racist,Circle-K
racist,Cliptip
racist,Crikey
racist,Dead Sea Pedestrian
racist,Dial
racist,Dreidl
racist,Easy-Bake Nigger
racist,Falasha
racist,Firewood
racist,Four By Two
racist,Gargamel
racist,Gatemaster
racist,German Candle
racist,German Oven Mitt
racist,Gew
racist,Gingerbread Man
racist,Goldberg
racist,Goldie
racist,Half-Dick
racist,Hanah
racist,Hebe
racist,Hebro
racist,Hickory-Smoked
racist,Himey
racist,Hooknose
racist,Horvitz
racist,Hot Pocket
racist,Hymie
racist,Ikey-Mo
racist,Interesting
racist,Isaac
racist,JAP
racist,Jesus Killer
racist,Jew
racist,Jew Jew Bee
racist,Jew Yorker
racist,Jew-Bag
racist,Jewbacca
racist,Jewbling
racist,Jewbrew
racist,Jewbu
racist,Jewess
racist,Jewgaboo
racist,Jewlet
racist,Jewmaican
racist,Jewpac
racist,Jewpidity
racist,JUBU
racist,Kike
racist,Kosher Konsumer
racist,Koshie
racist,Lamp Shade
racist,Matza-Gobbler
racist,Matzah
racist,Mockey
racist,Morta Cristo
racist,Moses
racist,Mosquito
racist,Nickel Nose
racist,Oven Magnet
racist,Oven-Baked
racist,Oven-Dweller
racist,Palm Beacher
racist,Penny Chaser
racist,Penny-Pincher
racist,Pinocchio
racist,Pizza
racist,Popular Science
racist,Porky
racist,Red Sea Pedestrian
racist,Scooby Doo
racist,Seinfeld
racist,Self-Chosen
racist,Sheeny
racist,Sheister
racist,Shnozzle
racist,Shonnicker
racist,Shylock
racist,Six Point(er)
racist,Six-nose
racist,Snipcock
racist,Snow Bird
racist,Snowflake
racist,Special Meal
racist,Stein
racist,Toucan Sam
racist,Wandering Jew
racist,Wej
racist,Yahoodi
racist,Yenta
racist,Yid
racist,Yid
racist,Yiddiot
racist,Yitze
racist,Yom
racist,Zhid
racist,Zhidan
racist,Zionist
racist,Zog
racist,Heeb
racist,Yid-Lid
racist,Biscuit Head
racist,Buckethead
racist,Chosenjin
racist,Crotchless Pants
racist,DAK
racist,Dog-Breath
racist,Jughead
racist,Kekeke
racist,Kimchee
racist,Kink
racist,Moose
racist,ROK
racist,Seoul Man
racist,Shovel-Head
racist,Underbite
racist,Yobo
racist,Gans
racist,Labus
racist,Latvo
racist,Puika
racist,Balt
racist,Lit
racist,Lithwhack
racist,Litvok
racist,Lugan
racist,Wanian
racist,Blockhead
racist,Gumby
racist,Mehi
racist,Hori
racist,Murray
racist,Euro
racist,Med Wop
racist,Off-White
racist,PIGS
racist,SAM
racist,Anchor Baby
racist,Blue collar
racist,BMW
racist,Border Bandit
racist,Bracero
racist,Brown Tractor
racist,Canned Labor
racist,Carnie
racist,Chalupa
racist,Cheech
racist,Chili Choker
racist,Cholo
racist,Chuco
racist,Chunt
racist,Clown-Car
racist,Corn
racist,DampBack
racist,Dirty Sanchez
racist,Fence Fairy
racist,Fence-Hopper
racist,Fesskin
racist,Field Rat
racist,FOB
racist,FOF
racist,Four Footer
racist,Gordita
racist,Grasshopper
racist,Greaser
racist,Jumping Bean
racist,Killer Bee
racist,Landscaper
racist,Lawnmower
racist,Lubricano
racist,Manuel Labor
racist,Mexcrement
racist,Mexi-Ho's
racist,Mexican't
racist,Migger
racist,Miguel
racist,Mo
racist,Modern Farm Equipment
racist,Mudslide
racist,Olympican
racist,Pachuco
racist,Pool-digger
racist,Potato
racist,River Nigger
racist,Roach
racist,Roadblock
racist,Scrap
racist,Soak
racist,Spicaninny
racist,Spicet Fence
racist,Spread
racist,Taco Jockey
racist,Tex-mex
racist,Texican
racist,Tire-Hugger
racist,Tonk
racist,Triathlete
racist,Vato
racist,Wadie
racist,Wetback
racist,Wetvac
racist,Beaner Shnitzel
racist,Bink
racist,Black Bean
racist,Blackanese
racist,Blaxican
racist,Blew
racist,Brass Ankle
racist,Bumblebee
racist,Calf
racist,Canasian
racist,Caramel
racist,Cascos
racist,Caublasian
racist,Chack
racist,Cheese Nip
racist,Chew
racist,Chex Mex
racist,Chex Mix
racist,Chexican
racist,Chic
racist,Chinig
racist,Chinkaboo
racist,Chinkamo
racist,Chinxican
racist,Chonkey
racist,Chop
racist,Chromey
racist,CJ
racist,Cookies 'n Cream
racist,Czigger
racist,Dexican
racist,Domino
racist,Eggplant Parmesan
racist,Flipper
racist,Flipsican
racist,Graham Cracker
racist,Greek-arican
racist,Green Bean
racist,Half Baked
racist,Half Breed
racist,Half Cast
racist,Halfrican
racist,Halfro
racist,Halfula
racist,Heebarican
racist,Heinz
racist,Indijew
racist,Jagger
racist,Jewban
racist,Jewop
racist,Jewrab
racist,Jewrican
racist,Jewronimo
racist,Jewxican
racist,Jigabrew
racist,Jigger
racist,Jink
racist,Juban
racist,Kink
racist,Latte
racist,McChigger
racist,McKraut
racist,McSpic
racist,McWop
racist,Mexicoon
racist,Mexijew
racist,Meximese
racist,Milano
racist,Mongrel
racist,Mud
racist,Mullato
racist,Mutt
racist,Newspaper
racist,Nigdu
racist,Niggerican
racist,Nigook
racist,Nike
racist,Ninky
racist,Niptai
racist,Octoroon
racist,Osrouge
racist,Pakoniggy
racist,Pikajew
racist,Pinky Poop
racist,Pinto
racist,Pizzabagel
racist,Polarican
racist,Polexican
racist,Portajew
racist,Portawop
racist,Puerto Grecan
racist,Puke
racist,Race-Traitor
racist,Racial Slurry
racist,Rasta Fazoul
racist,Rice Cracker
racist,Roo
racist,Scap
racist,Skunk
racist,Soggy Cracker
racist,Soup
racist,Spegro
racist,Spew
racist,Spickaboo
racist,Spicracker
racist,Spicy Cracker
racist,Spigger
racist,Spike
racist,Spink
racist,Spizzician
racist,Swap
racist,Swirlie
racist,Tiger
racist,Trisket
racist,TWO-TONE
racist,Vinegar
racist,WetBlack
racist,Wexican
racist,White-wash
racist,Won Ton Parmesan
racist,Wopalock
racist,Wopski
racist,Yape
racist,Zambo
racist,Zebra
racist,Bush Bandit
racist,Alcoholic
racist,Apple
racist,BFI
racist,Big Red
racist,Blackout
racist,Blanket-Ass
racist,Bow Bender
racist,Buck
racist,Buffalo Jockey
racist,Bushnigger
racist,Casino
racist,Cherry Nigger
racist,Chief
racist,Chug
racist,Cochise
racist,Cowboy-Killer
racist,Crow
racist,Diesel
racist,Dirt-Worshipper
racist,Eskimo
racist,FBI
racist,Feather
racist,Featherhead
racist,Fort Injun/Indian
racist,Gas Huffer
racist,Gasbag
racist,Glonni
racist,Gut-Eater
racist,Half-a-gas-can
racist,Hatchet-Packer
racist,Huff
racist,Indian
racist,Init
racist,Injun
racist,Jig
racist,John Redcorn
racist,Ki Yi
racist,Klooch
racist,Knee Jerk
racist,Kukolokod
racist,Maize-Muncher
racist,Mascot
racist,Mohow
racist,Muck
racist,Nate
racist,Neechee
racist,Nit
racist,Pow Wow
racist,Prairie Nigger
racist,Pretendian
racist,Radish
racist,Red
racist,Red Nigger
racist,Redskin
racist,Salmon Cruncher
racist,Salmon Nigger
racist,Savage
racist,Scalper
racist,Seal-Clubber
racist,Semihole
racist,Siwash
racist,Smoke-Signal
racist,Spruce Monkey
racist,Squanto
racist,Squaw
racist,Squaw Hopper
racist,Tee-Pee Creeper
racist,Timber Nigger
racist,Tipi Tom
racist,Tomahawk-Chucker
racist,Tomahonky
racist,Tonto
racist,Trail Nigger
racist,Tundra Nigger
racist,Wagon-Burner
racist,Wahoo
racist,War Whoop
racist,WOPaho
racist,Yazzie
racist,Bahadur
racist,Chindian
racist,Yeti
racist,Kiwi
racist,Pakeha
racist,Sheepie
racist,Woolie Jumpers
racist,Caucasianally-Challenged
racist,LBD
racist,Racially-Challanged
racist,Wiggie
racist,Fish-Eater
racist,Mountain Monkey
racist,Noogin
racist,Norbagge
racist,Norsk
racist,Norsky
racist,Ola
racist,Rjeindeer-Fjucker
racist,Sea Jew
racist,Viking
racist,Weegie
racist,Coconut Nigger
racist,Hapa
racist,Sea Monkey
racist,Superfly
racist,Kerpal
racist,Pac Man
racist,Pigger
racist,TP
racist,Waki
racist,Waki Paki
racist,Pal
racist,Paleostinian
racist,Palesimian
racist,Palewhineian
racist,Slingshot
racist,Wigg
racist,Chuck
racist,Cleaning Lady
racist,DP
racist,Hunyak
racist,Lock
racist,Pole
racist,Polock
racist,Polski
racist,Rod
racist,Skier
racist,Fish
racist,Greenhorn
racist,Manny
racist,Pork and Cheese
racist,Pork-chop
racist,Portagee
racist,Portugoose
racist,Tuna
racist,Bacardi
racist,Block Hoppers
racist,Bodinki
racist,Caco
racist,Can-Kicker
racist,In-Betweener
racist,Jibaro
racist,Maldito Bori
racist,Newyorican
racist,P. R.
racist,Porqin
racist,Puerto Potty
racist,Ship-wrecked Mexican
racist,Sortarican
racist,Blood Sucker
racist,Drac
racist,Gypsy
racist,Rom
racist,Roma
racist,Taran
racist,Verbes
racist,Polak
racist,Commie
racist,Cossak
racist,Drago
racist,Inverse Raddish
racist,Ivan
racist,Katsap
racist,Lov
racist,Moskal
racist,Mudak
racist,Natasha
racist,Pinko
racist,Popov
racist,Rad
racist,Rasputin
racist,Red
racist,Rigger
racist,Rook
racist,Rosuke
racist,Ruble Head
racist,Ruskie
racist,Sputnik
racist,Tetris
racist,Tibla
racist,Vanilla Asian
racist,Vodka Nigger
racist,Vodkalky
racist,Squarehead
racist,Herring Choker
racist,Nordski
racist,Olaf
racist,Scandie
racist,Vike
racist,Big Mac
racist,Caber Tosser
racist,Cross-Dresser
racist,Groundskeeper Willie
racist,Haggis
racist,Haggistani
racist,Hillbilly
racist,Jock
racist,Kilt
racist,Mac
racist,McNugget
racist,N.E.D.
racist,Neanderthal
racist,Pipe Blower
racist,Piper
racist,Porridge Wog
racist,Schemie
racist,Scotch
racist,Scotty
racist,Sweaty Sock
racist,Thistle Arse
racist,Weegie
racist,Cigani
racist,Vlade
racist,Vlah
racist,Olejnik
racist,Petrovich
racist,Round-face
racist,Rake
racist,Sam
racist,Sammie
racist,Ski
racist,Skinny
racist,Slim
racist,Somppu
racist,Tusken
racist,Dago
racist,Uda
racist,Xarnego
racist,Yerd
racist,Hurri
racist,Rutabaga
racist,Silver-tip
racist,Svenne
racist,Swedish Meatball
racist,Blackhead
racist,Doener
racist,Turkey Sandwich
racist,Captain
racist,Memetis
racist,Turkish Axe
racist,Olauge
racist,Yurug
racist,Dub
racist,Khokhol
racist,Kogut
racist,Perogy
racist,Uke
racist,Ukey
racist,Hohol
racist,Onionhead
racist,Agent Orange
racist,Betty
racist,Charlie
racist,Ddang Kong
racist,Dink
racist,Duck
racist,Gook
racist,Gookaniese
racist,Gookie Monster
racist,Gulper
racist,Ho-chi
racist,McGook
racist,Mister Charles
racist,Mung
racist,Nammer
racist,Napalm
racist,Sloat
racist,Tunnel Digger
racist,Tunnel Rat
racist,Uncle Ben's Boys
racist,Victor Charlie
racist,Viet Cong
racist,Vink
racist,Youn
racist,Taffy
racist,Welsher
racist,Woolyback
racist,Sheep-Shagger
racist,8 Mile
racist,Abe Lincoln
racist,Afro-Saxon
racist,Aibu
racist,Albino
racist,Anglo
racist,Aryan
racist,Bacon Bits
racist,Bai Tou
racist,Baijo
racist,Bak Guiy
racist,Bat-gwai
racist,Beach-Nigger
racist,Bean Dipper
racist,Beecher
racist,Belegana
racist,Betty Crocker
racist,Big Nose
racist,Bird Shit
racist,Bird Turd
racist,Blackrobe
racist,Blanco
racist,Bleach Boy
racist,Blowfish
racist,Blue-Eyed Devil
racist,Bolillo
racist,Boogie Man
racist,Boss
racist,Brady
racist,Briar
racist,Bro-ho
racist,Bubba
racist,Bucket
racist,Buckra
racist,Buffy
racist,Buleh
racist,Bunker
racist,Cabbage
racist,Cancer
racist,Casper
racist,Caucazoid
racist,Caulkie
racist,Caveman
racist,Cheesehead
racist,Chirp
racist,Chite
racist,Chocolate Dip(per)
racist,Chocolate-Dipper
racist,Clamhand
racist,Clampett
racist,Clay-Eater
racist,Coal-Burner
racist,Coalhauler
racist,Cock-Asian
racist,Cauc
racist,Cocksauce
racist,Cocoa Puff
racist,Confederate
racist,Conky
racist,Corky
racist,Cornfed
racist,Cowfuck
racist,Cracker Jack
racist,Cremlin
racist,Crick Gypsy
racist,Crisco
racist,Crizm
racist,Crudo
racist,Custer
racist,Da Bi Zi
racist,Da Gui
racist,Dandruff
racist,DeNiro
racist,Desabrido
racist,Devil
racist,Dholia
racist,Ditchpig
racist,Ditz
racist,Dog-Fucker
racist,Doozers
racist,Douse
racist,Dried Shit
racist,DWB
racist,Egg
racist,Elvis
racist,Eminem
racist,Etchy
racist,Fan Kuei
racist,Farang
racist,Falang
racist,Farq
racist,Firangi
racist,Firecracker
racist,Fish-Belly
racist,Flat-ass
racist,Flat-Back
racist,Flock of Seagulls
racist,Flour Bag
racist,Frosty
racist,Gabacho
racist,Gai-jin
racist,Gai-ko
racist,Galleta
racist,Gavacho
racist,Ghost
racist,Ghoul
racist,Gilligan
racist,Goat Roper
racist,GOB
racist,Golden Toe
racist,Gomer
racist,Goober
racist,Gora
racist,Gorilla Head
racist,Goy
racist,Grand Dragon
racist,Graygirl
racist,Grayboy
racist,Gringo
racist,Guero
racist,Guera
racist,Guerro
racist,Gump
racist,Gurrya
racist,Gusak
racist,Gwai-lo
racist,Haole
racist,Hawaga
racist,Hay Seed
racist,Helo
racist,Hick
racist,Hillbilly
racist,Hilljack
racist,Hillwilliam
racist,Holly
racist,Honkaloid
racist,Honky
racist,Hoopie
racist,Hoosier
racist,Horseface
racist,Howdy
racist,HP
racist,Imitasian
racist,Incognegro
racist,Ivory
racist,Jafaken
racist,Jane Goodall
racist,John Deere
racist,John Rocker
racist,Johnny Reb
racist,Kabloonuk
racist,Kango
racist,Keebler
racist,Khao-Khao
racist,Kook
racist,Kwai-lo
racist,Lao-wai
racist,Lassie
racist,Leche
racist,Lice
racist,Lice-Nester
racist,Lily
racist,Linthead
racist,Lobster
racist,Lofan
racist,Lynch-monger
racist,MacLord
racist,Maggot
racist,Marshmallow
racist,Martha Stewart
racist,Massa
racist,Mat Saleh
racist,Mayflower
racist,Mayonnaise
racist,MD
racist,Memphis
racist,Meshback
racist,Michelli
racist,Milk
racist,Milkhead
racist,Milky
racist,Missing Tooth
racist,Mister Charlie
racist,Moon Cricket
racist,Moss Eater
racist,Mouse
racist,Mud Shark
racist,Mudskipper
racist,Mulletard
racist,Mullethead
racist,Mungie Cake
racist,Mupp
racist,Muppetfucker
racist,Musungu
racist,N.L.B.
racist,Neck
racist,Negrophiliac
racist,Nigger
racist,Nigger Digger
racist,Nigger Magnet
racist,Night-Rider
racist,Nightlite
racist,Nilla
racist,Non
racist,Ofay
racist,Off Beat
racist,Old Fig
racist,Opie
racist,Oquizi Ohcha
racist,Otaku
racist,Oyebo
racist,Palangi
racist,Paleface
racist,Pancake
racist,Paris Hilton
racist,Pastyface
racist,Patty
racist,Peckerwood
racist,Peckin
racist,Perm Sperm
racist,Persuasion
racist,Petrolera
racist,Pig-fucker
racist,Pigmently-Challenged
racist,Pilgrim
racist,Pinewood
racist,Piney
racist,Pink Toe
racist,Pinkaloid
racist,Pinky
racist,Pleb
racist,Po'bucker
racist,Polar Bear
racist,Pooty
racist,Poppin Fresh
racist,Porch Honkey
racist,Powder
racist,Powdered Donut
racist,Printer
racist,Pus
racist,Pute
racist,PWT
racist,Rabbit
racist,Raw Chicken
racist,Recyclables
racist,Red Beard
racist,Redneck
racist,Reverse Oreo
racist,Rhythmless Nation
racist,Ric
racist,Rice Cracker
racist,Rice King
racist,Rice-Chaser
racist,Ritz Cracker
racist,Rock Spider
racist,Round-Eye
racist,Rube
racist,Saltine
racist,SAW
racist,Serial Killer
racist,Serpent
racist,Sheep Dip
racist,Sheethead
racist,Shiksa
racist,Shit Palm
racist,Shit-Kicker
racist,Skel/Skell
racist,Skinhead
racist,Slackjaw
racist,Slim Shady
racist,Smoke Jumper
racist,Snake
racist,Snicker Licker
racist,Snow
racist,Snowflake
racist,Snowman
racist,Stormwatcher
racist,Stump Jumper
racist,Suddha
racist,Swan
racist,Swine
racist,Tabeetsu
racist,Taco Shell
racist,Termite
racist,Thug
racist,Tiny Tim
racist,Tornado Bait
racist,Toubob
racist,TPT
racist,Trailer Trash
racist,Trash
racist,Tree-Looper
racist,Triscuit
racist,Trog
racist,Turkey
racist,Umlungu
racist,Uncle Daddy
racist,Vamp
racist,Vanilla
racist,Vanilla Ice
racist,Wadjyla
racist,WAM
racist,Wankster
racist,WAP
racist,Wapanese
racist,Washisho
racist,Wasian
racist,Wasp
racist,Weaner
racist,Wegro
racist,Wet Dog
racist,Whack
racist,Wheat Thin
racist,Whiskey Tango
racist,White Chocolate
racist,White Devil
racist,White Eye
racist,White Out
racist,Whitebread
racist,Whitetrash
racist,Whitey
racist,Wic
racist,Wigger
racist,Wiggerette
racist,Wigglet
racist,Windian
racist,Wink
racist,Winkle
racist,Won Ton
racist,Wonder Bread
racist,Wood
racist,Wound
racist,WT
racist,WTT
racist,Weeaboo
racist,Yakoo
racist,Yaku
racist,Yan Kwi Ze
racist,Yang Guizi
racist,Yeehaw
racist,Yo Boy
racist,Yogurt
racist,YT
racist,Yuppie
racist,Zeeb
racist,Tree Jumper
racist,Yang Gui Zi
racist,Yo Girl
racist,Itch
racist,Yugo
racist,Yukes